City_ID,City,Country,Date,Lat,Lng,Max Temp,Humidity,Cloudiness,Wind Speed
0,Trairi,BR,2022-07-01 20:01:00,-3.2778,-39.2689,80.13,77,8,8.57
1,Vicuna,CL,2022-07-01 20:04:45,-30.0319,-70.7081,63.77,34,70,5.91
2,Jiujiang,CN,2022-07-01 20:04:45,29.7333,115.9833,79.99,82,83,4.07
3,Hobart,AU,2022-07-01 20:04:45,-42.8794,147.3294,40.86,90,87,11.5
4,San Cristobal,VE,2022-07-01 20:04:46,7.7669,-72.225,78.98,60,49,5.53
5,Mataura,NZ,2022-07-01 20:04:46,-46.1927,168.8643,42.48,97,89,3.31
6,Rikitea,PF,2022-07-01 20:04:46,-23.1203,-134.9692,71.55,75,69,13.35
7,Cape Town,ZA,2022-07-01 20:04:47,-33.9258,18.4232,66.34,64,2,5.99
8,Nishihara,JP,2022-07-01 20:04:47,26.1842,127.7558,79.88,89,75,9.22
9,Severo-Kurilsk,RU,2022-07-01 20:04:47,50.6789,156.125,51.93,78,84,11.68
10,Beringovskiy,RU,2022-07-01 20:01:24,63.05,179.3167,43.88,98,100,6.4
11,East London,ZA,2022-07-01 20:00:34,-33.0153,27.9116,67.91,32,0,9.75
12,Souillac,MU,2022-07-01 20:04:48,-20.5167,57.5167,69.73,73,70,17.63
13,Carnarvon,AU,2022-07-01 20:04:48,-24.8667,113.6333,60.49,43,0,16.96
14,Dingle,PH,2022-07-01 20:04:48,10.9995,122.6711,76.98,91,100,2.89
15,Tecoanapa,MX,2022-07-01 20:04:49,16.5167,-98.75,87.06,64,56,9.71
16,Batangafo,CF,2022-07-01 20:04:49,7.3008,18.2833,70.52,95,78,4.56
17,Maneadero,MX,2022-07-01 20:04:49,31.7167,-116.5667,77.11,71,14,3.0
18,Castro,BR,2022-07-01 20:04:50,-24.7911,-50.0119,60.96,64,0,5.06
19,Denpasar,ID,2022-07-01 20:01:53,-8.65,115.2167,78.46,89,40,14.97
20,Clyde River,CA,2022-07-01 20:04:50,70.4692,-68.5914,35.73,86,100,1.77
21,Norman Wells,CA,2022-07-01 20:04:51,65.282,-126.8329,77.05,31,72,5.64
22,Vasylivka,UA,2022-07-01 20:04:51,47.4369,35.2742,69.67,57,0,10.56
23,Tazovskiy,RU,2022-07-01 20:04:51,67.4667,78.7,47.16,71,100,10.31
24,Lang Son,VN,2022-07-01 20:04:51,21.8333,106.7333,74.82,96,72,3.4
25,Abnub,EG,2022-07-01 20:04:52,27.2696,31.1511,87.75,26,0,7.65
26,Port Hardy,CA,2022-07-01 20:00:27,50.6996,-127.4199,58.95,84,87,5.64
27,Longyearbyen,SJ,2022-07-01 20:04:52,78.2186,15.6401,44.44,87,75,4.61
28,Jamestown,US,2022-07-01 20:00:50,42.097,-79.2353,87.53,48,72,10.0
29,Bonthe,SL,2022-07-01 20:04:53,7.5264,-12.505,76.26,87,100,4.85
30,Kahului,US,2022-07-01 20:04:03,20.8947,-156.47,87.82,67,40,16.11
31,Bosobolo,CD,2022-07-01 20:04:54,4.1833,19.9,70.36,97,57,3.04
32,Moose Factory,CA,2022-07-01 20:04:54,51.2585,-80.6094,68.45,27,100,13.78
33,Lebu,CL,2022-07-01 20:04:01,-37.6167,-73.65,49.75,64,72,12.26
34,Kenai,US,2022-07-01 20:04:54,60.5544,-151.2583,70.03,63,0,6.91
35,Albany,US,2022-07-01 20:01:49,42.6001,-73.9662,95.04,33,47,1.01
36,Mount Isa,AU,2022-07-01 20:04:10,-20.7333,139.5,51.57,82,100,12.66
37,Coahuayana,MX,2022-07-01 20:04:55,18.7333,-103.6833,90.91,60,40,7.36
38,Nikolskoye,RU,2022-07-01 20:04:55,59.7035,30.7861,71.49,69,96,5.19
39,Sao Filipe,CV,2022-07-01 20:04:55,14.8961,-24.4956,73.85,85,57,7.29
40,Georgetown,MY,2022-07-01 20:00:34,5.4112,100.3354,84.13,71,20,0.0
41,Venado Tuerto,AR,2022-07-01 20:04:56,-33.7456,-61.9688,58.77,64,100,4.88
42,Tuktoyaktuk,CA,2022-07-01 20:04:56,69.4541,-133.0374,56.79,62,16,5.44
43,Bluff,NZ,2022-07-01 20:04:56,-46.6,168.3333,42.8,79,99,24.29
44,Punta Arenas,CL,2022-07-01 20:03:37,-53.15,-70.9167,35.71,69,0,4.61
45,Narsaq,GL,2022-07-01 20:04:57,60.9167,-46.05,55.62,69,43,9.28
46,Thompson,CA,2022-07-01 20:05:57,55.7435,-97.8558,59.65,39,100,14.41
47,Busselton,AU,2022-07-01 20:05:58,-33.65,115.3333,48.0,78,0,5.82
48,San Patricio,US,2022-07-01 20:05:58,28.017,-97.5169,101.17,45,98,13.76
49,Te Anau,NZ,2022-07-01 20:05:58,-45.4167,167.7167,39.92,92,44,2.68
50,Sawtell,AU,2022-07-01 20:05:58,-30.3833,153.1,57.18,94,100,4.61
51,Avarua,CK,2022-07-01 20:05:59,-21.2078,-159.775,78.85,73,100,14.97
52,Finschhafen,PG,2022-07-01 20:05:59,-6.6024,147.8681,79.21,82,83,9.69
53,Nueve De Julio,AR,2022-07-01 20:05:59,-35.4444,-60.8831,55.04,68,92,5.26
54,Puerto Ayora,EC,2022-07-01 20:06:00,-0.7393,-90.3518,78.76,82,28,8.99
55,Fethiye,TR,2022-07-01 20:06:00,36.6217,29.1164,75.07,50,0,3.71
56,Emba,KZ,2022-07-01 20:06:01,48.8264,58.1442,65.07,38,0,8.66
57,Kudahuvadhoo,MV,2022-07-01 20:06:01,2.6708,72.8944,79.72,83,100,15.03
58,Marystown,CA,2022-07-01 20:06:02,47.1666,-55.1483,61.86,100,100,5.99
59,Ulaangom,MN,2022-07-01 20:06:02,49.9811,92.0667,61.86,63,68,4.47
60,Ribeira Grande,PT,2022-07-01 20:06:03,38.5167,-28.7,72.0,73,20,4.61
61,Pevek,RU,2022-07-01 20:06:03,69.7008,170.3133,34.77,99,100,5.26
62,Atuona,PF,2022-07-01 20:06:04,-9.8,-139.0333,77.36,72,6,9.22
63,Faanui,PF,2022-07-01 20:06:04,-16.4833,-151.75,78.84,69,2,20.62
64,Beloha,MG,2022-07-01 20:06:04,-25.1667,45.05,64.78,69,0,15.37
65,Ushuaia,AR,2022-07-01 20:02:21,-54.8,-68.3,30.34,93,91,6.53
66,Port Elizabeth,ZA,2022-07-01 20:06:05,-33.918,25.5701,67.35,40,0,12.86
67,Anadyr,RU,2022-07-01 20:01:24,64.75,177.4833,48.0,93,100,17.0
68,Khandbari,NP,2022-07-01 20:06:06,27.3747,87.2039,73.18,93,99,1.32
69,Airai,TL,2022-07-01 20:06:06,-8.9266,125.4092,58.66,96,67,3.18
70,Kohima,IN,2022-07-01 20:06:07,25.6667,94.1167,64.36,98,19,1.45
71,Klaksvik,FO,2022-07-01 20:06:07,62.2266,-6.589,52.72,91,100,5.57
72,Egvekinot,RU,2022-07-01 20:06:07,66.3167,-179.1667,49.59,79,100,10.33
73,Chokurdakh,RU,2022-07-01 20:06:08,70.6333,147.9167,41.25,83,100,11.18
74,Port Alfred,ZA,2022-07-01 20:06:08,-33.5906,26.891,69.06,38,0,14.56
75,Aitape,PG,2022-07-01 20:06:08,-3.1374,142.3475,78.71,86,100,7.14
76,Yulara,AU,2022-07-01 20:06:09,-25.2406,130.9889,42.93,72,0,12.71
77,Virginia Beach,US,2022-07-01 20:06:03,36.8529,-75.978,95.02,65,40,18.41
78,Ponta Do Sol,PT,2022-07-01 20:06:09,32.6667,-17.1,73.0,77,14,1.95
79,Kyabram,AU,2022-07-01 20:06:10,-36.3167,145.05,35.87,95,0,7.54
80,Saint-Philippe,RE,2022-07-01 20:06:10,-21.3585,55.7679,69.39,75,91,14.76
81,Chuy,UY,2022-07-01 20:06:10,-33.6971,-53.4616,56.62,74,49,15.21
82,Wadi Musa,JO,2022-07-01 20:06:11,30.3222,35.4793,68.74,61,0,6.71
83,Isla Mujeres,MX,2022-07-01 20:06:11,21.2311,-86.731,89.65,69,62,9.53
84,Hami,CN,2022-07-01 20:06:12,42.8,93.45,85.15,25,100,11.5
85,Grand Baie,MU,2022-07-01 20:06:12,-20.0182,57.5802,67.44,75,55,3.0
86,Sri Aman,MY,2022-07-01 20:06:13,1.2376,111.4621,74.66,88,100,1.34
87,Klyuchi,RU,2022-07-01 20:06:13,52.2667,79.1667,60.71,63,89,5.91
88,Khatanga,RU,2022-07-01 20:06:14,71.9667,102.5,49.1,65,98,13.78
89,Kachiry,KZ,2022-07-01 20:06:14,53.0675,76.1036,58.33,74,100,8.14
90,Jaru,BR,2022-07-01 20:07:14,-10.4389,-62.4664,90.61,36,16,1.81
91,Kavaratti,IN,2022-07-01 20:07:15,10.5669,72.642,82.47,82,100,19.24
92,Korla,CN,2022-07-01 20:07:15,41.7597,86.1469,79.5,28,29,15.59
93,Tasiilaq,GL,2022-07-01 20:07:16,65.6145,-37.6368,39.36,87,69,7.52
94,Kapaa,US,2022-07-01 20:07:17,22.0752,-159.319,80.92,75,100,17.27
95,Hambantota,LK,2022-07-01 20:07:17,6.1241,81.1185,80.87,80,12,19.24
96,Yerbogachen,RU,2022-07-01 20:07:17,61.2767,108.0108,60.8,74,66,5.35
97,Esna,EG,2022-07-01 20:07:18,25.2934,32.554,90.63,23,0,9.17
98,Kodiak,US,2022-07-01 20:07:18,57.79,-152.4072,54.91,88,100,13.8
99,Sao Joao Da Barra,BR,2022-07-01 20:05:49,-21.6403,-41.0511,73.49,76,0,11.21
100,Vaini,TO,2022-07-01 20:07:18,-21.2,-175.2,75.36,88,20,5.75
101,Rawson,AR,2022-07-01 20:07:19,-43.3002,-65.1023,45.34,69,95,22.7
102,Zheleznodorozhnyy,RU,2022-07-01 20:07:19,55.7503,38.0042,63.12,60,1,6.29
103,Hammerfest,NO,2022-07-01 20:07:20,70.6634,23.6821,61.25,72,0,0.0
104,Qaanaaq,GL,2022-07-01 20:07:20,77.484,-69.3632,42.55,69,63,4.56
105,Ilulissat,GL,2022-07-01 20:07:20,69.2167,-51.1,55.42,44,20,9.22
106,Casma,CL,2022-07-01 20:07:21,-41.0082,-73.1244,47.48,84,46,4.38
107,Butaritari,KI,2022-07-01 20:07:21,3.0707,172.7902,82.18,77,75,15.77
108,Portland,US,2022-07-01 20:05:26,45.5234,-122.6762,77.95,64,75,6.91
109,Port Lincoln,AU,2022-07-01 20:07:21,-34.7333,135.8667,52.66,61,100,7.81
110,Severo-Yeniseyskiy,RU,2022-07-01 20:07:22,60.3725,93.0408,49.59,80,8,4.83
111,Hithadhoo,MV,2022-07-01 20:07:22,-0.6,73.0833,81.3,75,71,7.36
112,Saint George,US,2022-07-01 20:04:15,37.1041,-113.5841,103.62,16,0,13.8
113,Barrow,US,2022-07-01 20:04:37,71.2906,-156.7887,46.42,76,0,9.22
114,Nome,US,2022-07-01 20:07:23,64.5011,-165.4064,61.16,77,100,16.11
115,Fond Du Lac,US,2022-07-01 20:02:31,43.775,-88.4388,78.82,41,0,11.5
116,Galle,LK,2022-07-01 20:07:23,6.0367,80.217,80.94,83,27,19.48
117,Pangnirtung,CA,2022-07-01 20:02:40,66.1451,-65.7125,46.85,76,90,2.8
118,Deputatskiy,RU,2022-07-01 20:07:24,69.3,139.9,46.29,77,60,0.63
119,Bambous Virieux,MU,2022-07-01 20:07:24,-20.3428,57.7575,67.21,76,97,18.41
120,Atasu,KZ,2022-07-01 20:07:24,48.6814,71.6433,58.93,40,22,7.34
121,Faya,SA,2022-07-01 20:07:25,18.3851,42.4509,70.32,49,96,3.67
122,Hilo,US,2022-07-01 20:05:05,19.7297,-155.09,81.25,77,100,6.91
123,Grand-Santi,GF,2022-07-01 20:07:25,4.25,-54.3833,83.03,67,79,5.82
124,Hermanus,ZA,2022-07-01 20:07:26,-34.4187,19.2345,61.11,64,3,7.58
125,San Policarpo,PH,2022-07-01 20:07:26,12.1791,125.5072,79.57,82,100,4.16
126,Biak,ID,2022-07-01 20:07:26,-0.9131,122.8766,75.13,87,85,0.38
127,Constitucion,CL,2022-07-01 20:07:27,-35.3333,-72.4167,51.53,78,13,10.98
128,Salalah,OM,2022-07-01 20:07:27,17.0151,54.0924,84.29,84,75,6.91
129,Itupiranga,BR,2022-07-01 20:07:28,-5.1347,-49.3267,91.72,64,80,0.92
130,Sinnamary,GF,2022-07-01 20:07:28,5.3833,-52.95,79.48,82,92,9.28
131,Arteaga,MX,2022-07-01 20:07:28,18.4667,-102.4167,83.79,52,39,2.48
132,Road Town,VG,2022-07-01 20:07:29,18.4167,-64.6167,87.89,74,40,12.66
133,Louis Trichardt,ZA,2022-07-01 20:07:29,-23.0439,29.9032,51.82,74,0,3.49
134,Banda Aceh,ID,2022-07-01 20:07:29,5.5577,95.3222,78.75,84,100,14.12
135,Tura,IN,2022-07-01 20:07:30,25.5198,90.2201,74.16,95,76,4.16
136,Waw,SS,2022-07-01 20:07:30,7.7029,27.9953,74.48,67,92,3.11
137,Iralaya,HN,2022-07-01 20:07:31,15.0,-83.2333,81.32,85,83,17.85
138,Peterhead,GB,2022-07-01 20:07:31,57.5058,-1.7981,55.8,89,100,4.72
139,Dungarpur,IN,2022-07-01 20:08:31,23.8333,73.7167,79.9,82,100,15.48
140,Kaitangata,NZ,2022-07-01 20:07:22,-46.2817,169.8464,48.18,80,84,10.38
141,Ponta Delgada,PT,2022-07-01 20:08:32,37.7333,-25.6667,70.52,78,40,10.36
142,Iquitos,PE,2022-07-01 20:08:32,-3.7481,-73.2472,86.04,66,75,3.44
143,Yellowknife,CA,2022-07-01 20:08:32,62.456,-114.3525,71.56,28,99,11.99
144,Oussouye,SN,2022-07-01 20:08:33,12.485,-16.5469,81.09,78,85,11.03
145,Tokur,RU,2022-07-01 20:08:33,53.1333,132.9,59.5,80,0,2.44
146,La Rioja,ES,2022-07-01 20:07:58,42.25,-2.5,69.58,50,0,3.56
147,Bredasdorp,ZA,2022-07-01 20:08:34,-34.5322,20.0403,59.88,58,0,4.34
148,Cherskiy,RU,2022-07-01 20:08:34,68.75,161.3,48.51,61,100,10.25
149,Hofn,IS,2022-07-01 20:08:34,64.2539,-15.2082,53.1,84,13,8.95
150,Voyinka,UA,2022-07-01 20:08:35,45.8699,33.9914,72.93,48,0,8.01
151,San Rafael,AR,2022-07-01 20:08:35,-34.6177,-68.3301,60.58,21,95,13.62
152,Gondanglegi,ID,2022-07-01 20:08:35,-7.7479,112.0132,74.62,90,35,10.33
153,Iqaluit,CA,2022-07-01 20:08:36,63.7506,-68.5145,41.7,73,58,13.8
154,Poum,NC,2022-07-01 20:08:36,-20.2333,164.0167,74.26,68,100,11.12
155,Belyy Yar,RU,2022-07-01 20:08:36,53.6039,91.3903,59.86,94,0,2.24
156,Thomastown,IE,2022-07-01 20:08:37,52.5267,-7.1372,58.42,93,85,8.95
157,Novyy Urengoy,RU,2022-07-01 20:07:17,66.0833,76.6333,50.72,61,100,10.22
158,Upernavik,GL,2022-07-01 20:08:37,72.7868,-56.1549,37.49,84,100,11.01
159,Ostrovnoy,RU,2022-07-01 20:08:38,68.0531,39.5131,45.55,96,100,7.67
160,Kasongo-Lunda,CD,2022-07-01 20:08:38,-6.4667,16.8167,71.82,36,3,1.68
161,Fayaoue,NC,2022-07-01 20:08:38,-20.65,166.5333,74.95,80,98,16.11
162,Dikson,RU,2022-07-01 20:08:39,73.5069,80.5464,33.37,93,100,6.51
163,Neustadt,DE,2022-07-01 20:08:39,49.7117,12.0872,56.97,87,0,0.0
164,Davila,PH,2022-07-01 20:08:39,18.4726,120.5763,81.79,76,100,4.68
165,Parrita,CR,2022-07-01 20:08:40,9.5201,-84.3225,79.61,80,100,2.1
166,Mahon,ES,2022-07-01 20:08:40,39.8885,4.2658,73.96,64,0,10.36
167,Gamba,GA,2022-07-01 20:08:40,-2.65,10.0,70.83,91,3,4.63
168,Razole,IN,2022-07-01 20:08:41,16.4833,81.8333,85.75,67,100,4.65
169,Vitoria Da Conquista,BR,2022-07-01 20:08:41,-14.8661,-40.8394,73.06,45,1,9.8
170,Victoria,HK,2022-07-01 20:03:46,22.2855,114.1577,80.65,88,100,21.0
171,Auki,SB,2022-07-01 20:08:41,-8.7676,160.7034,76.59,87,18,5.84
172,Uige,AO,2022-07-01 20:08:42,-7.6087,15.0613,67.82,36,4,3.76
173,Marsabit,KE,2022-07-01 20:08:42,2.3284,37.9899,64.4,63,24,20.76
174,Alekseyevsk,RU,2022-07-01 20:08:42,57.8406,108.3492,60.71,93,0,1.14
175,Charlestown,AU,2022-07-01 20:08:43,-32.95,151.6667,54.68,97,100,1.99
176,Mahebourg,MU,2022-07-01 20:08:43,-20.4081,57.7,67.24,77,88,18.28
177,Khotyn,UA,2022-07-01 20:08:43,48.4833,26.5,73.11,48,13,6.69
178,Menongue,AO,2022-07-01 20:08:44,-14.6585,17.691,58.73,43,28,3.87
179,Vila Velha,BR,2022-07-01 20:05:28,-20.3297,-40.2925,73.35,86,20,5.75
180,Leh,IN,2022-07-01 20:08:44,34.1667,77.5833,67.73,38,40,1.5
181,Camabatela,AO,2022-07-01 20:08:44,-8.1881,15.375,63.0,36,7,3.33
182,Marsa Matruh,EG,2022-07-01 20:08:45,31.3525,27.2453,77.13,81,0,7.92
183,Nabire,ID,2022-07-01 20:08:45,-3.3667,135.4833,74.73,93,80,3.83
184,Acajutla,SV,2022-07-01 20:08:45,13.5928,-89.8275,85.89,63,100,6.17
185,Novyye Burasy,RU,2022-07-01 20:08:46,52.1324,46.0714,48.97,96,81,8.5
186,Yeniseysk,RU,2022-07-01 20:09:46,58.4497,92.1703,53.67,78,60,3.44
187,Imbituba,BR,2022-07-01 20:09:46,-28.24,-48.6703,64.85,90,0,8.01
188,Shingu,JP,2022-07-01 20:09:47,33.7333,135.9833,73.18,84,47,3.78
189,Phan Thiet,VN,2022-07-01 20:09:47,10.9333,108.1,78.19,88,100,9.6
190,Areosa,PT,2022-07-01 20:09:47,41.7178,-8.8571,63.27,81,2,13.56
191,Mackay,AU,2022-07-01 20:09:48,-21.15,149.2,65.68,89,100,11.77
192,Machico,PT,2022-07-01 20:09:48,32.7,-16.7667,72.01,81,40,11.5
193,Arecibo,PR,2022-07-01 20:05:00,18.4724,-66.7157,89.35,73,8,4.0
194,New Norfolk,AU,2022-07-01 20:09:48,-42.7826,147.0587,40.5,88,95,3.29
195,Lianzhou,CN,2022-07-01 20:09:49,24.7811,112.3825,75.96,97,99,1.99
196,Tiksi,RU,2022-07-01 20:09:49,71.6872,128.8694,41.7,71,99,6.76
197,Buraydah,SA,2022-07-01 20:09:49,26.326,43.975,92.5,11,13,10.56
198,Pilar,BR,2022-07-01 20:09:50,-9.5972,-35.9567,71.53,94,49,8.28
199,Kloulklubed,PW,2022-07-01 20:09:50,7.0419,134.2556,83.98,74,80,7.94
200,Kotma,IN,2022-07-01 20:09:50,23.2,81.9667,79.74,78,96,1.88
201,Kavieng,PG,2022-07-01 20:09:51,-2.5744,150.7967,81.95,78,6,14.7
202,Zhengjiatun,CN,2022-07-01 20:09:51,43.5064,123.5064,68.65,97,100,6.31
203,Tuatapere,NZ,2022-07-01 20:09:51,-46.1333,167.6833,42.76,91,37,5.37
204,Kutum,SD,2022-07-01 20:09:52,14.2,24.6667,79.41,42,93,4.99
205,Lompoc,US,2022-07-01 20:07:10,34.6391,-120.4579,83.79,76,0,17.27
206,Quatre Cocos,MU,2022-07-01 20:09:52,-20.2078,57.7625,67.08,74,95,18.25
207,Vilyuysk,RU,2022-07-01 20:09:53,63.7553,121.6247,58.3,79,67,4.23
208,Fare,PF,2022-07-01 20:09:53,-16.7,-151.0167,79.07,65,0,20.33
209,Kasongo,CD,2022-07-01 20:09:53,-4.45,26.6667,80.24,37,75,3.96
210,Nenjiang,CN,2022-07-01 20:09:54,49.1833,125.2167,64.67,94,6,4.65
211,Fairbanks,US,2022-07-01 20:09:54,64.8378,-147.7164,80.6,45,40,0.0
212,Sola,VU,2022-07-01 20:09:54,-13.8833,167.55,80.01,77,68,21.63
213,Lixourion,GR,2022-07-01 20:09:55,38.2019,20.4314,82.4,57,0,11.5
214,Sangar,RU,2022-07-01 20:09:55,63.9242,127.4739,58.46,75,46,4.27
215,Salinas,US,2022-07-01 20:06:06,36.6777,-121.6555,74.21,67,0,14.97
216,Tommot,RU,2022-07-01 20:09:55,58.9564,126.2925,63.3,96,95,1.63
217,Ahipara,NZ,2022-07-01 20:09:56,-35.1667,173.1667,53.28,82,100,7.87
218,Puerto Escondido,MX,2022-07-01 20:09:56,15.85,-97.0667,88.63,55,20,6.91
219,Awjilah,LY,2022-07-01 20:09:57,29.1081,21.2869,88.43,23,0,14.54
220,Chokwe,MZ,2022-07-01 20:07:35,-24.5333,32.9833,62.49,84,3,5.14
221,Talnakh,RU,2022-07-01 20:09:57,69.4865,88.3972,52.21,59,41,1.1
222,Aklavik,CA,2022-07-01 20:09:57,68.2191,-135.0107,80.11,32,10,14.12
223,Guerrero Negro,MX,2022-07-01 20:09:58,27.9769,-114.0611,77.07,58,1,18.5
224,Taseyevo,RU,2022-07-01 20:09:58,57.2169,94.8978,53.51,94,95,2.08
225,Poli,TZ,2022-07-01 20:09:58,-3.3333,36.8,53.42,87,51,3.44
226,Bereda,ES,2022-07-01 20:09:59,43.2686,-7.5406,64.58,82,4,4.52
227,Mount Gambier,AU,2022-07-01 20:09:59,-37.8333,140.7667,46.49,79,100,4.0
228,Olafsvik,IS,2022-07-01 20:09:59,64.8945,-23.7142,49.73,87,37,11.48
229,Oshkosh,US,2022-07-01 20:05:58,44.0247,-88.5426,75.88,53,20,10.36
230,Qeshm,IR,2022-07-01 20:11:00,26.9581,56.2719,89.47,81,85,5.91
231,Oistins,BB,2022-07-01 20:11:00,13.0667,-59.5333,82.49,83,40,13.8
232,Geraldton,AU,2022-07-01 20:11:00,-28.7667,114.6,46.81,76,0,10.36
233,Broken Hill,AU,2022-07-01 20:11:01,-31.95,141.4333,38.98,83,0,12.77
234,Tapes,BR,2022-07-01 20:11:01,-30.6733,-51.3958,59.38,80,0,13.87
235,Ixtapa,MX,2022-07-01 20:11:02,20.7,-105.2,88.23,66,20,11.5
236,Sorong,ID,2022-07-01 20:11:02,-0.8833,131.25,77.56,87,78,4.59
237,Utmanzai,PK,2022-07-01 20:11:02,34.188,71.7629,91.0,55,100,7.02
238,Luanda,AO,2022-07-01 20:06:31,-8.8368,13.2343,69.42,91,0,17.63
239,Nuuk,GL,2022-07-01 20:11:04,64.1835,-51.7216,41.61,87,75,17.27
240,Shimoda,JP,2022-07-01 20:11:04,34.6667,138.95,74.1,91,53,8.08
241,Piacabucu,BR,2022-07-01 20:11:05,-10.4056,-36.4344,75.61,88,1,12.77
242,Urdoma,RU,2022-07-01 20:11:05,61.7533,48.5442,55.85,61,40,4.36
243,Lorengau,PG,2022-07-01 20:11:06,-2.0226,147.2712,81.86,78,57,11.88
244,Berdigestyakh,RU,2022-07-01 20:07:04,62.0989,126.6992,60.91,78,30,3.02
245,Naze,JP,2022-07-01 20:11:06,28.3667,129.4833,77.25,85,95,7.4
246,Port-Gentil,GA,2022-07-01 20:11:06,-0.7193,8.7815,75.16,88,75,6.91
247,Mar Del Plata,AR,2022-07-01 20:08:36,-38.0023,-57.5575,53.1,79,100,19.57
248,Jimo,CN,2022-07-01 20:11:07,36.3897,120.4622,75.38,91,45,5.84
249,Bethel,US,2022-07-01 20:08:47,41.3712,-73.414,93.18,52,0,9.22
250,Porto De Moz,BR,2022-07-01 20:11:07,-1.7483,-52.2383,80.51,79,100,0.76
251,Fuengirola,ES,2022-07-01 20:11:08,36.54,-4.6247,76.84,89,20,5.75
252,Maracas,BR,2022-07-01 20:11:08,-13.4411,-40.4308,72.34,43,0,9.24
253,Pandan,PH,2022-07-01 20:11:09,14.0453,124.1694,80.28,83,100,6.85
254,Sobolevo,RU,2022-07-01 20:11:09,54.4299,31.8996,64.56,68,57,8.66
255,Mathbaria,BD,2022-07-01 20:11:09,22.2876,89.9593,80.37,91,97,3.65
256,Sisimiut,GL,2022-07-01 20:11:10,66.9395,-53.6735,41.65,91,100,6.04
257,Homer,US,2022-07-01 20:11:10,59.6425,-151.5483,65.05,73,40,11.01
258,Karratha,AU,2022-07-01 20:11:11,-20.7377,116.8463,60.84,37,4,18.9
259,Tecolutla,MX,2022-07-01 20:11:11,20.4833,-97.0167,94.86,62,3,15.12
260,Rongcheng,CN,2022-07-01 20:11:11,30.634,117.8517,75.76,91,33,3.42
261,Kruisfontein,ZA,2022-07-01 20:11:12,-34.0033,24.7314,67.1,35,3,14.45
262,Alice Springs,AU,2022-07-01 20:09:22,-23.7,133.8833,49.55,62,0,13.8
263,Damghan,IR,2022-07-01 20:11:12,36.1683,54.348,86.04,28,0,2.8
264,Kaili,ID,2022-07-01 20:11:12,-3.4626,120.2147,66.29,95,15,2.64
265,Nouakchott,MR,2022-07-01 20:11:13,18.0858,-15.9785,78.73,69,6,19.42
266,Datong,CN,2022-07-01 20:11:13,40.0936,113.2914,68.85,72,5,4.56
267,Kuching,MY,2022-07-01 20:11:13,1.55,110.3333,77.22,100,20,2.3
268,Shieli,KZ,2022-07-01 20:11:14,44.1667,66.75,74.93,19,0,8.99
269,Grand Gaube,MU,2022-07-01 20:11:14,-20.0064,57.6608,67.37,75,75,5.99
270,Krasnogorskoye,RU,2022-07-01 20:11:15,52.2953,86.1979,52.7,84,10,5.55
271,Chute-Aux-Outardes,CA,2022-07-01 20:11:15,49.1168,-68.399,58.98,88,100,3.44
272,Cidreira,BR,2022-07-01 20:11:16,-30.1811,-50.2056,60.85,80,0,21.63
273,Mushie,CD,2022-07-01 20:11:16,-3.0167,16.9,80.6,38,1,0.72
274,Dudinka,RU,2022-07-01 20:12:16,69.4058,86.1778,52.63,63,3,17.09
275,Dubovka,RU,2022-07-01 20:12:17,49.0583,44.829,56.35,65,10,9.62
276,Mehamn,NO,2022-07-01 20:12:17,71.0357,27.8492,51.75,87,0,3.44
277,Adrar,MR,2022-07-01 20:12:17,20.5022,-10.0711,96.89,10,55,13.0
278,Sambalpur,IN,2022-07-01 20:12:18,21.45,83.9667,82.15,77,100,3.06
279,Niksic,ME,2022-07-01 20:12:18,42.7731,18.9445,64.26,64,0,2.15
280,Nanortalik,GL,2022-07-01 20:12:18,60.1432,-45.2371,43.86,79,18,11.65
281,Cumana,VE,2022-07-01 20:12:19,10.4635,-64.1775,81.72,77,94,6.82
282,Wlodawa,PL,2022-07-01 20:12:19,51.55,23.55,79.95,61,3,9.51
283,Kuybysheve,UA,2022-07-01 20:12:20,47.358,36.6491,63.9,61,0,8.03
284,Tuy Hoa,VN,2022-07-01 20:09:08,13.0833,109.3,80.38,74,100,7.81
285,Lae,PG,2022-07-01 20:12:20,-6.7221,146.9847,76.05,78,88,6.44
286,Lingao,CN,2022-07-01 20:12:20,19.9103,109.6859,80.4,88,100,25.32
287,Bonavista,CA,2022-07-01 20:12:21,48.6499,-53.1147,57.29,91,94,12.33
288,Conakry,GN,2022-07-01 20:10:28,9.538,-13.6773,80.1,80,100,9.37
289,Maldonado,UY,2022-07-01 20:12:21,-34.6667,-54.9167,55.22,65,84,15.52
290,Cairns,AU,2022-07-01 20:07:25,-16.9167,145.7667,72.07,97,100,10.36
291,Namibe,AO,2022-07-01 20:12:22,-15.1961,12.1522,66.67,79,3,6.46
292,Sandnessjoen,NO,2022-07-01 20:12:22,66.0217,12.6316,77.11,57,0,8.05
293,Vaghashen,AM,2022-07-01 20:12:22,40.1358,45.3288,57.67,86,13,6.4
294,Ndele,CF,2022-07-01 20:12:23,8.4109,20.6473,72.75,82,16,4.27
295,Port Blair,IN,2022-07-01 20:12:23,11.6667,92.75,82.54,78,100,10.78
296,Camargo,MX,2022-07-01 20:12:23,27.6667,-105.1667,89.58,27,17,3.24
297,Chiang Khong,TH,2022-07-01 20:09:25,20.2613,100.4046,72.48,100,100,0.38
298,Leshukonskoye,RU,2022-07-01 20:12:24,64.8989,45.7622,51.19,85,100,7.18
299,Diapaga,BF,2022-07-01 20:12:24,12.0708,1.7889,84.43,56,97,6.33
300,Sembe,CG,2022-07-01 20:12:25,1.6481,14.5806,70.32,96,100,1.68
301,Keti Bandar,PK,2022-07-01 20:12:25,24.1447,67.4497,84.94,79,100,15.39
302,Batagay,RU,2022-07-01 20:12:25,67.6333,134.6333,55.11,67,92,0.83
303,Los Llanos De Aridane,ES,2022-07-01 20:12:26,28.6585,-17.9182,65.95,87,75,17.27
304,Oda,JP,2022-07-01 20:12:26,35.1833,132.5,74.52,82,3,5.1
305,Bani Walid,LY,2022-07-01 20:12:26,31.7566,13.9942,86.34,35,0,9.28
306,Paamiut,GL,2022-07-01 20:12:27,61.994,-49.6678,38.44,91,98,4.83
307,Arraial Do Cabo,BR,2022-07-01 20:12:27,-22.9661,-42.0278,71.46,78,0,8.05
308,Nadym,RU,2022-07-01 20:12:27,65.5333,72.5167,46.99,60,26,9.64
309,Bulalacao,PH,2022-07-01 20:12:28,12.3254,121.3435,81.99,77,100,6.04
310,Celinac,BA,2022-07-01 20:12:28,44.7228,17.3278,79.47,57,0,4.09
311,Shelburne,CA,2022-07-01 20:12:29,44.0787,-80.2041,81.12,64,100,16.44
312,Fort Smith,US,2022-07-01 20:12:29,35.3859,-94.3986,95.18,48,40,6.91
313,San Carlos,VE,2022-07-01 20:12:29,9.6612,-68.5827,85.19,69,73,1.59
314,Krasnozerskoye,RU,2022-07-01 20:12:30,53.9828,79.2374,55.06,86,100,9.26
315,Doha,QA,2022-07-01 20:08:37,25.2867,51.5333,96.78,21,0,5.75
316,Mogadishu,SO,2022-07-01 20:12:30,2.0371,45.3438,77.25,78,100,18.05
317,Kibara,TZ,2022-07-01 20:12:30,-2.15,33.45,74.5,59,94,0.58
318,Praia Da Vitoria,PT,2022-07-01 20:12:31,38.7333,-27.0667,71.76,81,54,12.95
319,Chhoti Sadri,IN,2022-07-01 20:12:31,24.3833,74.7,76.44,92,100,12.71
320,Ancud,CL,2022-07-01 20:12:32,-41.8697,-73.8203,44.22,64,93,9.62
321,Mathathane,BW,2022-07-01 20:13:32,-22.2687,28.7495,59.43,65,35,9.1
322,Avera,US,2022-07-01 20:13:32,33.194,-82.5271,82.54,60,90,5.61
323,La Ronge,CA,2022-07-01 20:13:33,55.1001,-105.2842,58.69,41,100,2.59
324,Provideniya,RU,2022-07-01 20:13:33,64.3833,-173.3,48.38,96,100,12.95
325,Christchurch,NZ,2022-07-01 20:13:33,-43.5333,172.6333,36.48,93,5,2.3
326,Comodoro Rivadavia,AR,2022-07-01 20:13:34,-45.8667,-67.5,40.86,65,20,11.5
327,Roquebrune-Cap-Martin,FR,2022-07-01 20:13:34,43.7641,7.4821,77.07,84,3,10.87
328,Shubarshi,KZ,2022-07-01 20:13:35,48.5872,57.1869,64.99,36,15,5.99
329,Sitka,US,2022-07-01 20:12:51,57.0531,-135.33,58.89,72,100,8.05
330,Bathsheba,BB,2022-07-01 20:13:35,13.2167,-59.5167,83.01,83,40,13.8
331,Torbay,CA,2022-07-01 20:09:31,47.6666,-52.7314,66.76,80,42,4.0
332,Aljezur,PT,2022-07-01 20:09:02,37.3191,-8.8033,65.23,81,8,13.13
333,Cabo San Lucas,MX,2022-07-01 20:09:53,22.8909,-109.9124,93.51,46,0,13.8
334,Komsomolskiy,UZ,2022-07-01 20:13:36,40.4272,71.7189,79.52,29,32,4.61
335,Newport,GB,2022-07-01 20:13:36,51.5877,-2.9984,61.68,73,10,14.63
336,Caravelas,BR,2022-07-01 20:13:37,-17.7125,-39.2481,73.94,75,92,4.97
337,Dakar,SN,2022-07-01 20:13:03,14.6937,-17.4441,81.48,80,99,11.97
338,Weiz,AT,2022-07-01 20:13:37,47.2167,15.6167,68.97,67,45,10.42
339,Solnechnyy,RU,2022-07-01 20:13:37,50.7214,136.6319,67.37,80,4,2.82
340,Bengkulu,ID,2022-07-01 20:13:38,-3.8004,102.2655,72.55,88,75,5.77
341,Lodja,CD,2022-07-01 20:13:38,-3.4833,23.4333,81.88,36,78,2.21
342,Kanbe,MM,2022-07-01 20:13:38,16.7053,96.0017,78.85,89,100,3.74
343,Yakima,US,2022-07-01 20:09:18,46.4665,-120.6678,89.85,28,0,8.05
344,Plateros,MX,2022-07-01 20:13:39,23.2167,-102.85,72.72,37,87,6.58
345,Antofagasta,CL,2022-07-01 20:09:13,-23.65,-70.4,60.08,77,18,8.97
346,Oksfjord,NO,2022-07-01 20:13:39,70.2396,22.3479,66.27,67,0,3.4
347,Hasaki,JP,2022-07-01 20:13:40,35.7333,140.8333,75.29,88,0,10.67
348,Esperance,AU,2022-07-01 20:13:40,-33.8667,121.9,49.23,75,0,9.86
349,Puerto El Triunfo,SV,2022-07-01 20:13:40,13.2833,-88.55,86.88,62,59,9.04
350,Altagracia De Orituco,VE,2022-07-01 20:13:41,9.8601,-66.3814,83.55,65,57,3.96
351,Marawi,PH,2022-07-01 20:13:41,7.9986,124.2928,68.13,95,97,2.64
352,Lota,CL,2022-07-01 20:11:22,-37.0833,-73.1667,53.06,73,17,10.87
353,Governador Valadares,BR,2022-07-01 20:13:41,-18.8511,-41.9494,73.45,58,58,2.86
354,Dandong,CN,2022-07-01 20:13:42,40.1292,124.3947,70.0,98,100,8.99
355,Lasa,IT,2022-07-01 20:13:42,46.6166,10.7002,60.04,92,48,2.71
356,Batemans Bay,AU,2022-07-01 20:13:42,-35.7167,150.1833,53.1,84,100,10.45
357,Imeni Poliny Osipenko,RU,2022-07-01 20:13:43,52.4201,136.4853,67.48,95,5,6.06
358,Igrim,RU,2022-07-01 20:13:43,63.1906,64.4162,51.91,67,60,4.81
359,Fortuna,US,2022-07-01 20:13:43,40.5982,-124.1573,59.67,91,100,0.0
360,Rodrigues Alves,BR,2022-07-01 20:13:44,-7.738,-72.6509,91.13,35,6,0.76
361,Northam,GB,2022-07-01 20:13:44,51.0333,-4.2167,60.39,78,11,15.01
362,Kotovo,RU,2022-07-01 20:13:44,50.3211,44.8012,49.39,77,3,13.4
363,Havelock,US,2022-07-01 20:13:45,34.8791,-76.9013,80.55,85,100,4.0
364,Antequera,ES,2022-07-01 20:14:45,37.0194,-4.5612,70.93,67,0,8.12
365,Exu,BR,2022-07-01 20:14:45,-7.5119,-39.7242,70.16,93,98,8.43
366,Tshikapa,CD,2022-07-01 20:14:46,-6.4167,20.8,75.43,36,17,3.33
367,Cururupu,BR,2022-07-01 20:14:46,-1.8283,-44.8683,81.63,72,28,5.41
368,Tual,ID,2022-07-01 20:14:46,-5.6667,132.75,80.47,84,98,19.44
369,Jalu,LY,2022-07-01 20:14:47,29.0331,21.5482,90.07,21,0,15.3
370,Hay River,CA,2022-07-01 20:14:47,60.8156,-115.7999,65.91,36,20,2.53
371,Necochea,AR,2022-07-01 20:14:47,-38.5473,-58.7368,54.1,58,100,15.35
372,Weinan,CN,2022-07-01 20:14:48,34.5036,109.5089,77.4,61,100,1.41
373,Scalea,IT,2022-07-01 20:14:48,39.813,15.7956,80.56,55,43,6.33
374,Ilebo,CD,2022-07-01 20:14:49,-4.3167,20.5833,76.6,42,18,0.65
375,Ilhabela,BR,2022-07-01 20:14:49,-23.7781,-45.3581,67.44,86,12,7.29
376,Kichmengskiy Gorodok,RU,2022-07-01 20:14:49,59.9816,45.7854,51.75,77,6,3.53
377,Nuevo Imperial,PE,2022-07-01 20:14:50,-13.0754,-76.3172,67.53,67,25,6.93
378,Kulhudhuffushi,MV,2022-07-01 20:14:50,6.6221,73.07,82.69,78,21,20.18
379,Dukat,RU,2022-07-01 20:14:50,62.55,155.55,53.65,53,89,15.01
380,Indri,IN,2022-07-01 20:14:51,29.88,77.0711,84.43,67,40,5.28
381,Taoudenni,ML,2022-07-01 20:14:51,22.6783,-3.9836,96.35,24,95,12.95
382,Meulaboh,ID,2022-07-01 20:14:51,4.1363,96.1285,74.05,97,100,1.63
383,Namatanai,PG,2022-07-01 20:14:52,-3.6667,152.4333,78.78,80,19,8.5
384,Olinda,BR,2022-07-01 20:14:52,-8.0089,-34.8553,80.33,83,20,6.91
385,Lubumbashi,CD,2022-07-01 20:14:52,-11.6609,27.4794,62.91,63,80,7.83
386,Perth,AU,2022-07-01 20:13:21,-31.9333,115.8333,48.2,83,0,10.36
387,The Valley,AI,2022-07-01 20:13:39,18.217,-63.0578,84.34,70,20,19.57
388,Niquelandia,BR,2022-07-01 20:14:53,-14.4739,-48.4597,87.58,19,0,4.54
389,Pocatello,US,2022-07-01 20:14:53,42.8713,-112.4455,90.01,22,20,11.5
390,Santa Isabel Do Rio Negro,BR,2022-07-01 20:14:53,-0.4139,-65.0192,78.49,90,97,2.37
391,Cordoba,AR,2022-07-01 20:10:06,-31.4135,-64.1811,73.76,38,0,9.22
392,Harper,LR,2022-07-01 20:14:54,4.375,-7.7169,77.13,76,100,10.74
393,Saskylakh,RU,2022-07-01 20:14:54,71.9167,114.0833,51.46,57,56,5.26
394,Kilindoni,TZ,2022-07-01 20:14:55,-7.9139,39.6668,76.82,71,5,19.39
395,Concarneau,FR,2022-07-01 20:14:55,47.875,-3.9225,61.59,78,51,5.1
396,Arcachon,FR,2022-07-01 20:14:55,44.5875,-1.0519,70.12,60,0,8.05
397,Katherine,AU,2022-07-01 20:14:56,-14.4667,132.2667,55.72,88,100,10.36
398,Saldanha,ZA,2022-07-01 20:14:56,-33.0117,17.9442,58.3,89,0,13.22
399,Port Macquarie,AU,2022-07-01 20:14:56,-31.4333,152.9167,52.9,94,100,4.5
400,Tezu,IN,2022-07-01 20:14:57,27.9167,96.1667,74.82,89,18,2.93
401,Igarka,RU,2022-07-01 20:14:57,67.4667,86.5833,54.34,67,83,10.76
402,Gitega,BI,2022-07-01 20:14:57,-3.5,29.95,64.53,54,78,3.98
403,Mitsamiouli,KM,2022-07-01 20:14:58,-11.3847,43.2844,75.94,71,9,12.39
404,Horsham,GB,2022-07-01 20:14:58,51.064,-0.3272,63.01,66,0,10.36
405,Gweta,BW,2022-07-01 20:14:58,-20.1833,25.2333,63.7,50,93,10.8
406,Mayna,RU,2022-07-01 20:14:59,54.1135,47.6231,52.34,92,100,15.35
407,Bogovarovo,RU,2022-07-01 20:14:59,58.9785,47.0246,51.17,77,26,4.09
408,Yar-Sale,RU,2022-07-01 20:14:59,66.8333,70.8333,48.97,61,44,10.94
409,Turukhansk,RU,2022-07-01 20:15:00,65.8167,87.9833,52.21,97,58,7.31
410,Tukrah,LY,2022-07-01 20:16:00,32.5341,20.5791,78.53,73,0,7.81
411,Kiama,AU,2022-07-01 20:15:57,-34.6833,150.8667,57.0,95,100,1.99
412,Shahr-E Kord,IR,2022-07-01 20:16:00,32.3256,50.8644,71.37,18,0,6.91
413,Nargana,PA,2022-07-01 20:16:01,9.4428,-78.5906,83.26,74,100,4.83
414,Coromandel,BR,2022-07-01 20:16:01,-18.4733,-47.2003,74.77,33,0,5.75
415,Ambilobe,MG,2022-07-01 20:16:01,-13.2,49.05,64.9,74,3,4.65
416,Inhambane,MZ,2022-07-01 20:16:02,-23.865,35.3833,67.77,84,51,8.99
417,Tashtyp,RU,2022-07-01 20:16:02,52.7939,89.8983,55.99,89,100,4.74
418,Palmer,US,2022-07-01 20:16:03,42.1584,-72.3287,93.81,40,75,13.8
419,Lipari,IT,2022-07-01 20:16:03,38.4674,14.954,83.32,75,0,12.28
420,Chiredzi,ZW,2022-07-01 20:16:03,-21.05,31.6667,62.19,58,65,3.71
421,Karangampel,ID,2022-07-01 20:16:04,-6.4622,108.4519,77.05,80,31,4.94
422,Eureka,US,2022-07-01 20:16:04,40.8021,-124.1637,83.75,79,68,8.99
423,Ternate,ID,2022-07-01 20:16:05,0.8,127.4,80.04,79,100,1.66
424,Haines Junction,CA,2022-07-01 20:16:05,60.7522,-137.5108,71.55,49,8,2.3
425,Husavik,IS,2022-07-01 20:16:05,66.0449,-17.3389,47.88,94,99,6.04
426,Daru,PG,2022-07-01 20:16:05,-9.0763,143.2092,78.64,89,65,8.39
427,Spirit River,CA,2022-07-01 20:16:06,55.7833,-118.8361,54.03,69,99,7.18
428,Minsk,BY,2022-07-01 20:16:06,53.9,27.5667,67.75,78,23,6.49
429,Gambela,ET,2022-07-01 20:16:07,8.25,34.5833,72.1,78,91,2.98
430,Batagay-Alyta,RU,2022-07-01 20:12:18,67.8006,130.4114,53.49,68,100,2.98
431,Hirara,JP,2022-07-01 20:16:07,24.8,125.2833,82.17,78,96,7.05
432,Baruun-Urt,MN,2022-07-01 20:16:07,46.6806,113.2792,69.82,46,70,2.55
433,Bamnet Narong,TH,2022-07-01 20:16:08,15.4992,101.6897,82.74,83,100,7.83
434,Americus,US,2022-07-01 20:16:08,32.0724,-84.2327,86.13,62,40,10.36
435,Abu Samrah,SY,2022-07-01 20:16:08,35.3029,37.1841,75.56,59,0,14.79
436,Vanse,NO,2022-07-01 20:16:09,58.1167,6.7,58.68,100,100,8.21
437,Isangel,VU,2022-07-01 20:16:09,-19.55,169.2667,73.51,94,75,4.61
438,Buenos Aires,AR,2022-07-01 20:16:10,-34.6132,-58.3772,53.44,90,40,4.61
439,Usinsk,RU,2022-07-01 20:16:10,65.9939,57.5281,51.28,95,92,8.7
440,San Pedro,PH,2022-07-01 20:16:10,14.35,121.0167,79.83,85,75,3.44
441,Takoradi,GH,2022-07-01 20:16:11,4.8845,-1.7554,75.52,84,38,8.59
442,Hervey Bay,AU,2022-07-01 20:16:11,-25.2986,152.8535,61.02,98,100,11.01
443,Wamba,NG,2022-07-01 20:16:12,8.9333,8.6,73.45,89,100,1.97
444,Ugoofaaru,MV,2022-07-01 20:16:12,5.6667,73.0,83.01,78,12,18.43
445,Eyl,SO,2022-07-01 20:16:12,7.9803,49.8164,78.15,71,69,26.4
446,Digby,CA,2022-07-01 20:16:13,44.6169,-65.7655,79.75,59,67,17.05
447,Dengfeng,CN,2022-07-01 20:16:13,34.4553,113.0281,77.05,78,96,4.0
448,Sattahip,TH,2022-07-01 20:16:13,12.6664,100.9007,84.29,74,40,9.22
449,Ust-Kuyga,RU,2022-07-01 20:16:14,70.0167,135.6,52.99,64,59,5.01
450,Gizo,SB,2022-07-01 20:16:14,-8.103,156.8419,81.66,77,84,7.49
451,Arlit,NE,2022-07-01 20:16:15,18.7369,7.3853,92.46,23,54,8.79
452,College,US,2022-07-01 20:16:15,64.8569,-147.8028,80.58,46,75,0.0
453,Roma,US,2022-07-01 20:12:04,43.2128,-75.4557,88.52,48,0,6.91
454,Henties Bay,NA,2022-07-01 20:16:15,-22.116,14.2845,63.91,63,0,6.06
455,Uddevalla,SE,2022-07-01 20:16:16,58.3478,11.9424,71.96,88,92,4.0
456,Vanino,RU,2022-07-01 20:16:16,49.0869,140.2543,64.74,86,2,2.73
457,Poplar Bluff,US,2022-07-01 20:16:17,36.757,-90.3929,93.09,51,0,5.75
458,Carutapera,BR,2022-07-01 20:17:17,-1.195,-46.02,81.16,73,33,6.38
459,Tomatlan,MX,2022-07-01 20:17:17,19.9333,-105.25,95.36,44,17,8.63
460,Seoul,KR,2022-07-01 20:16:45,37.5683,126.9778,74.64,94,75,3.44
461,Qasigiannguit,GL,2022-07-01 20:17:18,68.8193,-51.1922,55.65,79,76,5.44
462,Doctor Arroyo,MX,2022-07-01 20:17:18,23.6667,-100.1833,80.42,39,68,3.89
463,Sakakah,SA,2022-07-01 20:17:19,29.9697,40.2064,90.97,20,0,9.48
464,Viedma,AR,2022-07-01 20:13:57,-40.8135,-62.9967,57.25,35,35,10.27
465,Floriano,BR,2022-07-01 20:17:19,-6.7669,-43.0225,94.23,28,87,6.04
466,Atar,MR,2022-07-01 20:17:20,20.5169,-13.0499,95.72,13,7,10.25
467,Arman,RU,2022-07-01 20:17:20,59.7,150.1667,62.02,83,99,5.08
468,Lima,PE,2022-07-01 20:15:00,-12.0432,-77.0282,68.9,69,100,11.5
469,Noumea,NC,2022-07-01 20:14:14,-22.2763,166.4572,72.0,99,82,9.46
470,Morgan City,US,2022-07-01 20:17:21,29.6994,-91.2068,80.01,68,100,3.65
471,Saint-Leu,RE,2022-07-01 20:17:21,-21.15,55.2833,68.86,69,38,14.41
472,La Palma,US,2022-07-01 20:14:02,33.8464,-118.0467,98.96,60,0,9.22
473,Luderitz,NA,2022-07-01 20:17:22,-26.6481,15.1594,62.74,64,0,5.99
474,Santa Clara,CU,2022-07-01 20:17:22,22.4,-79.9667,87.46,58,75,17.27
475,Esmeraldas,BR,2022-07-01 20:17:23,-19.7625,-44.3139,71.71,36,0,8.7
476,Altayskoye,RU,2022-07-01 20:17:23,51.9533,85.3325,56.39,60,8,7.49
477,Mitzic,GA,2022-07-01 20:17:23,0.7821,11.549,68.43,95,66,2.84
478,Santa Helena De Goias,BR,2022-07-01 20:17:24,-17.8136,-50.5969,85.62,23,5,6.29
479,Kismayo,SO,2022-07-01 20:17:24,-0.3582,42.5454,75.87,81,27,20.0
480,Koson,UZ,2022-07-01 20:17:24,39.0375,65.585,82.72,18,0,16.02
481,Lewistown,US,2022-07-01 20:17:25,40.5992,-77.5714,88.95,97,0,6.91
482,Marienburg,PL,2022-07-01 20:17:25,54.0359,19.0266,70.12,96,93,9.57
483,Kimbe,PG,2022-07-01 20:17:25,-5.5502,150.1429,75.02,92,12,3.56
484,Sur,OM,2022-07-01 20:17:26,22.5667,59.5289,88.36,70,100,12.03
485,Mayumba,GA,2022-07-01 20:17:26,-3.432,10.6554,71.44,91,6,6.62
486,Kirakira,SB,2022-07-01 20:17:26,-10.4544,161.9205,80.44,80,77,11.07
487,Koumac,NC,2022-07-01 20:17:27,-20.5667,164.2833,70.57,75,100,6.33
488,Belomorsk,RU,2022-07-01 20:17:27,64.5232,34.7668,58.12,82,97,3.15
489,Junction City,US,2022-07-01 20:16:20,39.0286,-96.8314,78.6,73,100,16.11
490,Rocha,UY,2022-07-01 20:17:27,-34.4833,-54.3333,55.96,64,52,15.39
491,Krasnoselkup,RU,2022-07-01 20:17:28,65.7,82.4667,57.38,54,100,12.26
492,Sibolga,ID,2022-07-01 20:17:28,1.7427,98.7792,75.33,84,60,3.49
493,Maryborough,AU,2022-07-01 20:17:28,-25.5333,152.7,61.11,99,100,4.03
494,Lavrentiya,RU,2022-07-01 20:17:29,65.5833,-171.0,49.78,84,95,6.06
495,Codrington,AU,2022-07-01 20:17:29,-38.2667,141.9667,49.71,67,99,8.08
496,Vao,NC,2022-07-01 20:17:29,-22.6667,167.4833,71.24,72,100,19.26
497,Praia,CV,2022-07-01 20:12:34,14.9215,-23.5087,75.74,73,40,17.27
498,Wentzville,US,2022-07-01 20:17:30,38.8114,-90.8529,97.95,48,11,1.99
499,Garowe,SO,2022-07-01 20:17:30,8.4054,48.4845,83.05,39,47,26.31
500,Zhigansk,RU,2022-07-01 20:17:31,66.7697,123.3711,56.88,54,100,4.14
501,Xinyu,CN,2022-07-01 20:17:31,27.8043,114.9334,75.79,97,99,4.47
502,Dwarka,IN,2022-07-01 20:17:31,22.2394,68.9678,84.15,80,100,18.25
503,Laguna,US,2022-07-01 20:17:31,38.421,-121.4238,88.32,44,0,9.22
504,Puerto Ayacucho,VE,2022-07-01 20:18:32,5.6639,-67.6236,82.89,73,89,1.99
505,Vestmanna,FO,2022-07-01 20:18:32,62.1564,-7.1664,50.92,93,100,4.61
506,Guymon,US,2022-07-01 20:18:32,36.6828,-101.4816,93.2,29,0,13.8
507,Harer,ET,2022-07-01 20:18:33,9.3094,42.1258,63.21,68,100,9.15
508,Jinchang,CN,2022-07-01 20:15:59,38.4953,102.1739,72.97,31,0,7.65
509,Kongolo,CD,2022-07-01 20:18:33,-5.3833,27.0,75.96,45,26,1.7
510,Batticaloa,LK,2022-07-01 20:18:33,7.7102,81.6924,82.49,71,100,2.98
511,Kaeo,NZ,2022-07-01 20:18:34,-35.1,173.7833,48.33,95,100,5.64
512,Amga,RU,2022-07-01 20:18:34,60.8953,131.9608,64.02,75,8,0.58
513,Lincoln,US,2022-07-01 20:13:56,40.8,-96.667,78.87,64,75,8.05
514,Cochrane,CA,2022-07-01 20:18:35,51.1834,-114.4687,75.61,42,40,12.66
515,Rio Grande,BR,2022-07-01 20:18:35,-32.035,-52.0986,60.91,78,0,19.95
516,Sindal,DK,2022-07-01 20:18:35,57.4712,10.2031,58.73,93,98,9.28
517,Tahe,CN,2022-07-01 20:18:35,52.3333,124.7333,61.41,92,49,3.27
518,Songea,TZ,2022-07-01 20:18:36,-10.6833,35.65,55.6,67,7,2.3
519,Arroyo,ES,2022-07-01 20:18:36,41.6096,-4.7969,73.44,26,0,8.05
520,Hobyo,SO,2022-07-01 20:18:36,5.3505,48.5268,77.36,74,76,28.79
521,Kilis,TR,2022-07-01 20:18:37,36.7161,37.115,77.23,68,0,9.22
522,Itaqui,BR,2022-07-01 20:18:37,-29.1253,-56.5531,70.36,80,3,14.14
523,West Wendover,US,2022-07-01 20:18:37,40.7391,-114.0733,92.41,16,0,9.22
524,Gimli,CA,2022-07-01 20:18:38,50.6336,-96.9907,66.22,37,8,11.5
525,Shache,CN,2022-07-01 20:18:38,38.4167,77.2406,87.71,10,98,7.05
526,Takab,IR,2022-07-01 20:18:38,36.4009,47.1133,69.48,36,0,2.66
527,Moba,CN,2022-07-01 20:18:39,33.2288,105.0179,56.73,98,80,2.17
528,Radhanpur,IN,2022-07-01 20:18:39,23.8333,71.6,85.98,70,93,18.32
529,Chernyshevskiy,RU,2022-07-01 20:18:39,63.0128,112.4714,58.06,73,27,3.09
530,Chatellerault,FR,2022-07-01 20:18:40,46.8,0.5333,66.92,66,1,0.94
531,Flin Flon,CA,2022-07-01 20:18:40,54.7682,-101.865,62.44,34,40,12.66
532,Altamira,BR,2022-07-01 20:18:40,-3.2033,-52.2064,79.27,73,74,3.74
533,Zunyi,CN,2022-07-01 20:14:37,27.6867,106.9072,70.77,90,98,2.64
534,Berlevag,NO,2022-07-01 20:18:41,70.8578,29.0864,60.6,87,40,9.22
535,Bowen,AU,2022-07-01 20:18:41,-20.0167,148.2333,67.59,89,100,7.09
536,Esil,KZ,2022-07-01 20:18:41,51.9556,66.4042,58.03,58,52,5.82
537,Lagdo,CM,2022-07-01 20:18:42,9.05,13.7333,75.65,74,30,4.61
538,Muros,ES,2022-07-01 20:18:42,42.7762,-9.0603,68.85,60,1,8.9
539,Dunedin,NZ,2022-07-01 20:18:42,-45.8742,170.5036,44.8,77,40,6.24
540,Vardo,NO,2022-07-01 20:18:43,70.3705,31.1107,46.38,93,100,5.75
541,Shaunavon,CA,2022-07-01 20:15:15,49.6501,-108.4181,73.18,32,20,4.83
542,Stanger,ZA,2022-07-01 20:18:43,-29.3282,31.2895,48.09,44,0,7.34
543,Katsuura,JP,2022-07-01 20:18:43,35.1333,140.3,75.7,90,16,12.57
544,Travnik,BA,2022-07-01 20:18:44,44.2267,17.6706,72.88,53,0,3.65
545,Bodden Town,KY,2022-07-01 20:18:44,19.2833,-81.25,89.6,69,20,10.36
546,Alta Floresta,BR,2022-07-01 20:18:44,-9.8756,-56.0861,93.02,33,20,4.61
547,Donskoye,RU,2022-07-01 20:18:45,45.4552,41.9741,71.73,52,0,7.47
548,Bemidji,US,2022-07-01 20:18:45,47.4736,-94.8803,74.55,40,75,14.97
549,Rozkishne,UA,2022-07-01 20:18:45,48.5074,39.3004,61.41,61,49,10.13
550,Suchil,MX,2022-07-01 20:18:46,23.6333,-103.9167,74.32,42,97,5.68
551,Itarema,BR,2022-07-01 20:18:46,-2.9248,-39.9167,79.66,81,0,11.12
552,Avigliana,IT,2022-07-01 20:19:47,45.0771,7.3986,76.08,68,0,4.45
553,Honningsvag,NO,2022-07-01 20:19:47,70.9821,25.9704,51.55,82,0,4.61
554,Aguimes,ES,2022-07-01 20:19:47,27.9054,-15.4461,68.67,68,75,21.85
555,Aykhal,RU,2022-07-01 20:19:47,66.0,111.5,63.25,62,98,5.66
556,Krutikha,RU,2022-07-01 20:19:48,53.9599,81.2093,55.71,81,100,10.67
557,Payakumbuh,ID,2022-07-01 20:19:48,-0.2202,100.6308,67.15,88,23,3.53
558,Sucua,EC,2022-07-01 20:19:48,-2.4667,-78.1667,81.34,61,40,5.75
559,Kamaishi,JP,2022-07-01 20:19:49,39.2667,141.8833,70.95,92,25,3.11
560,Beira,MZ,2022-07-01 20:19:49,-19.8436,34.8389,69.37,85,87,6.06
561,Bangkalan,ID,2022-07-01 20:19:49,-7.0455,112.7351,78.75,86,31,6.08
562,Roald,NO,2022-07-01 20:19:50,62.5833,6.1333,74.16,82,0,2.3
563,Perigueux,FR,2022-07-01 20:15:05,45.1833,0.7167,67.41,61,3,5.93
564,Pecos,US,2022-07-01 20:15:29,31.4229,-103.4932,98.69,19,40,3.44
565,Saint Anthony,US,2022-07-01 20:19:50,45.0205,-93.218,84.29,34,20,19.57
566,Zharkent,KZ,2022-07-01 20:19:51,44.1628,80.0,69.12,33,2,1.03
567,Canon City,US,2022-07-01 20:19:51,38.441,-105.2424,84.36,39,0,10.36
568,Pietarsaari,FI,2022-07-01 20:19:51,63.65,22.6833,77.13,68,99,6.33
569,Brae,GB,2022-07-01 20:19:52,60.3964,-1.353,55.72,98,100,6.13
570,Hengyang,CN,2022-07-01 20:19:52,26.8881,112.615,78.35,91,100,4.7
571,Lagoa,PT,2022-07-01 20:19:52,39.05,-27.9833,67.5,88,100,12.19
572,Flinders,AU,2022-07-01 20:19:53,-34.5833,150.8552,56.37,94,100,7.0
573,Bilecik,TR,2022-07-01 20:19:53,40.0,30.1667,66.85,74,0,4.05
574,Mirnyy,RU,2022-07-01 20:19:53,62.5353,113.9611,60.24,63,30,4.0
575,Inverness,GB,2022-07-01 20:19:54,57.4791,-4.224,57.79,91,40,3.0
576,Bulancak,TR,2022-07-01 20:19:54,40.9372,38.2291,69.62,78,75,0.0
577,Mehtar Lam,AF,2022-07-01 20:19:54,34.6714,70.2094,86.86,60,0,2.66
